tag_id,taggable_id,taggable_type
1,1,App\Politician
2,1,App\Politician
3,1,App\Politician
4,1,App\Politician
5,1,App\Politician
6,2,App\Politician
2,2,App\Politician
7,2,App\Politician
1,3,App\Politician
2,3,App\Politician
8,3,App\Politician
4,3,App\Politician
6,4,App\Politician
2,4,App\Politician
9,4,App\Politician
4,4,App\Politician
6,5,App\Politician
2,5,App\Politician
6,6,App\Politician
2,6,App\Politician
10,6,App\Politician
4,6,App\Politician
6,7,App\Politician
2,7,App\Politician
10,7,App\Politician
11,7,App\Politician
6,8,App\Politician
2,8,App\Politician
12,8,App\Politician
11,8,App\Politician
6,9,App\Politician
2,9,App\Politician
13,9,App\Politician
4,9,App\Politician
6,10,App\Politician
2,10,App\Politician
14,11,App\Politician
2,11,App\Politician
15,11,App\Politician
11,11,App\Politician
6,12,App\Politician
2,12,App\Politician
16,12,App\Politician
11,12,App\Politician
6,13,App\Politician
2,13,App\Politician
17,13,App\Politician
11,13,App\Politician
6,14,App\Politician
2,14,App\Politician
18,14,App\Politician
4,14,App\Politician
1,15,App\Politician
2,15,App\Politician
19,15,App\Politician
11,15,App\Politician
6,16,App\Politician
2,16,App\Politician
20,16,App\Politician
11,16,App\Politician
21,17,App\Politician
2,17,App\Politician
6,18,App\Politician
2,18,App\Politician
22,18,App\Politician
4,18,App\Politician
21,19,App\Politician
2,19,App\Politician
6,20,App\Politician
2,20,App\Politician
23,20,App\Politician
11,20,App\Politician
24,20,App\Politician
6,21,App\Politician
2,21,App\Politician
9,21,App\Politician
11,21,App\Politician
1,22,App\Politician
2,22,App\Politician
1,23,App\Politician
2,23,App\Politician
25,23,App\Politician
4,23,App\Politician
6,24,App\Politician
2,24,App\Politician
3,24,App\Politician
11,24,App\Politician
1,25,App\Politician
2,25,App\Politician
26,25,App\Politician
11,25,App\Politician
6,26,App\Politician
2,26,App\Politician
25,26,App\Politician
11,26,App\Politician
6,27,App\Politician
2,27,App\Politician
28,27,App\Politician
27,27,App\Politician
55,27,App\Politician
6,28,App\Politician
28,28,App\Politician
52,28,App\Politician
6,29,App\Politician
28,29,App\Politician
6,30,App\Politician
28,30,App\Politician
40,30,App\Politician
6,31,App\Politician
28,31,App\Politician
1,32,App\Politician
28,32,App\Politician
50,32,App\Politician
6,33,App\Politician
28,33,App\Politician
9,33,App\Politician
6,34,App\Politician
28,34,App\Politician
52,34,App\Politician
1,35,App\Politician
29,35,App\Politician
24,35,App\Politician
1,36,App\Politician
3,36,App\Politician
24,36,App\Politician
6,37,App\Politician
30,37,App\Politician
24,37,App\Politician
1,38,App\Politician
29,38,App\Politician
4,38,App\Politician
6,39,App\Politician
31,39,App\Politician
4,39,App\Politician
1,40,App\Politician
17,40,App\Politician
24,40,App\Politician
1,41,App\Politician
32,41,App\Politician
24,41,App\Politician
6,42,App\Politician
33,42,App\Politician
24,42,App\Politician
6,43,App\Politician
34,43,App\Politician
4,43,App\Politician
6,44,App\Politician
23,44,App\Politician
24,44,App\Politician
1,45,App\Politician
22,45,App\Politician
24,45,App\Politician
1,46,App\Politician
3,46,App\Politician
24,46,App\Politician
1,47,App\Politician
17,47,App\Politician
24,47,App\Politician
6,48,App\Politician
12,48,App\Politician
24,48,App\Politician
6,49,App\Politician
10,49,App\Politician
24,49,App\Politician
6,50,App\Politician
35,50,App\Politician
24,50,App\Politician
6,51,App\Politician
36,51,App\Politician
4,51,App\Politician
6,52,App\Politician
37,52,App\Politician
24,52,App\Politician
1,53,App\Politician
38,53,App\Politician
24,53,App\Politician
1,54,App\Politician
39,54,App\Politician
24,54,App\Politician
6,55,App\Politician
40,55,App\Politician
24,55,App\Politician
6,56,App\Politician
23,56,App\Politician
24,56,App\Politician
6,57,App\Politician
9,57,App\Politician
24,57,App\Politician
6,58,App\Politician
30,58,App\Politician
24,58,App\Politician
6,59,App\Politician
23,59,App\Politician
24,59,App\Politician
6,60,App\Politician
19,60,App\Politician
24,60,App\Politician
6,61,App\Politician
9,61,App\Politician
24,61,App\Politician
6,62,App\Politician
36,62,App\Politician
24,62,App\Politician
1,63,App\Politician
41,63,App\Politician
4,63,App\Politician
1,64,App\Politician
39,64,App\Politician
24,64,App\Politician
6,65,App\Politician
42,65,App\Politician
4,65,App\Politician
1,66,App\Politician
39,66,App\Politician
24,66,App\Politician
1,67,App\Politician
20,67,App\Politician
24,67,App\Politician
1,68,App\Politician
43,68,App\Politician
4,68,App\Politician
6,69,App\Politician
39,69,App\Politician
24,69,App\Politician
1,70,App\Politician
15,70,App\Politician
4,70,App\Politician
1,71,App\Politician
40,71,App\Politician
24,71,App\Politician
1,72,App\Politician
44,72,App\Politician
24,72,App\Politician
6,73,App\Politician
33,73,App\Politician
4,73,App\Politician
6,74,App\Politician
12,74,App\Politician
24,74,App\Politician
6,75,App\Politician
33,75,App\Politician
4,75,App\Politician
1,76,App\Politician
45,76,App\Politician
24,76,App\Politician
1,77,App\Politician
25,77,App\Politician
24,77,App\Politician
1,78,App\Politician
39,78,App\Politician
4,78,App\Politician
1,79,App\Politician
10,79,App\Politician
24,79,App\Politician
6,80,App\Politician
9,80,App\Politician
24,80,App\Politician
1,81,App\Politician
10,81,App\Politician
24,81,App\Politician
1,82,App\Politician
12,82,App\Politician
4,82,App\Politician
6,83,App\Politician
46,83,App\Politician
4,83,App\Politician
6,84,App\Politician
13,84,App\Politician
4,84,App\Politician
6,85,App\Politician
38,85,App\Politician
4,85,App\Politician
6,86,App\Politician
47,86,App\Politician
24,86,App\Politician
6,87,App\Politician
47,87,App\Politician
24,87,App\Politician
1,88,App\Politician
48,88,App\Politician
4,88,App\Politician
1,89,App\Politician
22,89,App\Politician
24,89,App\Politician
6,90,App\Politician
39,90,App\Politician
24,90,App\Politician
1,91,App\Politician
49,91,App\Politician
24,91,App\Politician
1,92,App\Politician
16,92,App\Politician
4,92,App\Politician
1,93,App\Politician
37,93,App\Politician
24,93,App\Politician
6,94,App\Politician
50,94,App\Politician
24,94,App\Politician
1,95,App\Politician
47,95,App\Politician
4,95,App\Politician
1,96,App\Politician
39,96,App\Politician
24,96,App\Politician
6,97,App\Politician
18,97,App\Politician
24,97,App\Politician
6,98,App\Politician
20,98,App\Politician
4,98,App\Politician
6,99,App\Politician
18,99,App\Politician
24,99,App\Politician
1,100,App\Politician
3,100,App\Politician
24,100,App\Politician
6,101,App\Politician
34,101,App\Politician
24,101,App\Politician
6,102,App\Politician
30,102,App\Politician
24,102,App\Politician
6,103,App\Politician
10,103,App\Politician
24,103,App\Politician
6,104,App\Politician
9,104,App\Politician
24,104,App\Politician
6,105,App\Politician
42,105,App\Politician
24,105,App\Politician
1,106,App\Politician
38,106,App\Politician
24,106,App\Politician
1,107,App\Politician
40,107,App\Politician
24,107,App\Politician
1,108,App\Politician
50,108,App\Politician
24,108,App\Politician
1,109,App\Politician
51,109,App\Politician
24,109,App\Politician
6,110,App\Politician
23,110,App\Politician
24,110,App\Politician
6,111,App\Politician
52,111,App\Politician
24,111,App\Politician
6,112,App\Politician
10,112,App\Politician
24,112,App\Politician
1,113,App\Politician
46,113,App\Politician
24,113,App\Politician
1,114,App\Politician
45,114,App\Politician
24,114,App\Politician
6,115,App\Politician
10,115,App\Politician
24,115,App\Politician
6,116,App\Politician
53,116,App\Politician
4,116,App\Politician
6,117,App\Politician
40,117,App\Politician
24,117,App\Politician
1,118,App\Politician
12,118,App\Politician
24,118,App\Politician
1,119,App\Politician
30,119,App\Politician
24,119,App\Politician
1,120,App\Politician
54,120,App\Politician
4,120,App\Politician
1,121,App\Politician
50,121,App\Politician
4,121,App\Politician
1,122,App\Politician
31,122,App\Politician
4,122,App\Politician
6,123,App\Politician
55,123,App\Politician
4,123,App\Politician
6,124,App\Politician
22,124,App\Politician
24,124,App\Politician
1,125,App\Politician
39,125,App\Politician
24,125,App\Politician
6,126,App\Politician
35,126,App\Politician
24,126,App\Politician
6,127,App\Politician
56,127,App\Politician
24,127,App\Politician
6,128,App\Politician
34,128,App\Politician
24,128,App\Politician
6,129,App\Politician
30,129,App\Politician
24,129,App\Politician
6,130,App\Politician
47,130,App\Politician
24,130,App\Politician
6,131,App\Politician
3,131,App\Politician
24,131,App\Politician
1,132,App\Politician
57,132,App\Politician
4,132,App\Politician
1,133,App\Politician
44,133,App\Politician
24,133,App\Politician
1,134,App\Politician
58,134,App\Politician
24,134,App\Politician
1,135,App\Politician
12,135,App\Politician
24,135,App\Politician
6,136,App\Politician
13,136,App\Politician
24,136,App\Politician
6,137,App\Politician
51,137,App\Politician
24,137,App\Politician
6,138,App\Politician
47,138,App\Politician
24,138,App\Politician
1,139,App\Politician
39,139,App\Politician
24,139,App\Politician
1,140,App\Politician
50,140,App\Politician
24,140,App\Politician
1,141,App\Politician
39,141,App\Politician
24,141,App\Politician
1,142,App\Politician
17,142,App\Politician
4,142,App\Politician
6,143,App\Politician
30,143,App\Politician
24,143,App\Politician
6,144,App\Politician
25,144,App\Politician
24,144,App\Politician
6,145,App\Politician
9,145,App\Politician
24,145,App\Politician
1,146,App\Politician
25,146,App\Politician
24,146,App\Politician
6,147,App\Politician
35,147,App\Politician
24,147,App\Politician
6,148,App\Politician
45,148,App\Politician
24,148,App\Politician
6,149,App\Politician
50,149,App\Politician
24,149,App\Politician
1,150,App\Politician
22,150,App\Politician
24,150,App\Politician
6,151,App\Politician
31,151,App\Politician
24,151,App\Politician
6,152,App\Politician
59,152,App\Politician
24,152,App\Politician
6,153,App\Politician
47,153,App\Politician
24,153,App\Politician
1,154,App\Politician
39,154,App\Politician
24,154,App\Politician
6,155,App\Politician
35,155,App\Politician
24,155,App\Politician
6,156,App\Politician
58,156,App\Politician
24,156,App\Politician
1,157,App\Politician
43,157,App\Politician
24,157,App\Politician
1,158,App\Politician
19,158,App\Politician
24,158,App\Politician
6,159,App\Politician
38,159,App\Politician
24,159,App\Politician
6,160,App\Politician
39,160,App\Politician
24,160,App\Politician
6,161,App\Politician
35,161,App\Politician
24,161,App\Politician
6,162,App\Politician
42,162,App\Politician
24,162,App\Politician
1,163,App\Politician
49,163,App\Politician
4,163,App\Politician
1,164,App\Politician
19,164,App\Politician
4,164,App\Politician
1,165,App\Politician
43,165,App\Politician
4,165,App\Politician
1,166,App\Politician
47,166,App\Politician
24,166,App\Politician
6,167,App\Politician
43,167,App\Politician
24,167,App\Politician
6,168,App\Politician
12,168,App\Politician
24,168,App\Politician
6,169,App\Politician
40,169,App\Politician
4,169,App\Politician
1,170,App\Politician
18,170,App\Politician
24,170,App\Politician
6,171,App\Politician
47,171,App\Politician
4,171,App\Politician
6,172,App\Politician
38,172,App\Politician
24,172,App\Politician
6,173,App\Politician
51,173,App\Politician
4,173,App\Politician
6,174,App\Politician
60,174,App\Politician
4,174,App\Politician
1,175,App\Politician
56,175,App\Politician
4,175,App\Politician
1,176,App\Politician
35,176,App\Politician
24,176,App\Politician
1,177,App\Politician
34,177,App\Politician
24,177,App\Politician
1,178,App\Politician
50,178,App\Politician
24,178,App\Politician
6,179,App\Politician
61,179,App\Politician
4,179,App\Politician
1,180,App\Politician
30,180,App\Politician
24,180,App\Politician
6,181,App\Politician
61,181,App\Politician
4,181,App\Politician
6,182,App\Politician
53,182,App\Politician
24,182,App\Politician
1,183,App\Politician
19,183,App\Politician
24,183,App\Politician
6,184,App\Politician
32,184,App\Politician
4,184,App\Politician
1,185,App\Politician
39,185,App\Politician
24,185,App\Politician
1,186,App\Politician
55,186,App\Politician
24,186,App\Politician
1,187,App\Politician
3,187,App\Politician
24,187,App\Politician
6,188,App\Politician
10,188,App\Politician
24,188,App\Politician
6,189,App\Politician
25,189,App\Politician
24,189,App\Politician
6,190,App\Politician
48,190,App\Politician
4,190,App\Politician
6,191,App\Politician
9,191,App\Politician
24,191,App\Politician
1,192,App\Politician
33,192,App\Politician
24,192,App\Politician
1,193,App\Politician
39,193,App\Politician
24,193,App\Politician
6,194,App\Politician
9,194,App\Politician
24,194,App\Politician
6,195,App\Politician
51,195,App\Politician
24,195,App\Politician
6,196,App\Politician
9,196,App\Politician
4,196,App\Politician
6,197,App\Politician
52,197,App\Politician
4,197,App\Politician
1,198,App\Politician
13,198,App\Politician
24,198,App\Politician
1,199,App\Politician
39,199,App\Politician
24,199,App\Politician
1,200,App\Politician
33,200,App\Politician
24,200,App\Politician
1,201,App\Politician
33,201,App\Politician
24,201,App\Politician
6,202,App\Politician
9,202,App\Politician
24,202,App\Politician
1,203,App\Politician
9,203,App\Politician
24,203,App\Politician
6,204,App\Politician
39,204,App\Politician
24,204,App\Politician
1,205,App\Politician
22,205,App\Politician
24,205,App\Politician
1,206,App\Politician
10,206,App\Politician
24,206,App\Politician
1,207,App\Politician
3,207,App\Politician
24,207,App\Politician
1,208,App\Politician
34,208,App\Politician
24,208,App\Politician
1,209,App\Politician
57,209,App\Politician
24,209,App\Politician
1,210,App\Politician
22,210,App\Politician
4,210,App\Politician
6,211,App\Politician
34,211,App\Politician
4,211,App\Politician
1,212,App\Politician
47,212,App\Politician
24,212,App\Politician
1,213,App\Politician
23,213,App\Politician
24,213,App\Politician
1,214,App\Politician
60,214,App\Politician
24,214,App\Politician
6,215,App\Politician
23,215,App\Politician
4,215,App\Politician
6,216,App\Politician
42,216,App\Politician
24,216,App\Politician
6,217,App\Politician
31,217,App\Politician
24,217,App\Politician
1,218,App\Politician
25,218,App\Politician
24,218,App\Politician
6,219,App\Politician
23,219,App\Politician
24,219,App\Politician
1,220,App\Politician
39,220,App\Politician
24,220,App\Politician
1,221,App\Politician
22,221,App\Politician
24,221,App\Politician
6,222,App\Politician
9,222,App\Politician
24,222,App\Politician
1,223,App\Politician
43,223,App\Politician
24,223,App\Politician
1,224,App\Politician
26,224,App\Politician
24,224,App\Politician
1,225,App\Politician
35,225,App\Politician
24,225,App\Politician
6,226,App\Politician
52,226,App\Politician
24,226,App\Politician
6,227,App\Politician
20,227,App\Politician
24,227,App\Politician
1,228,App\Politician
43,228,App\Politician
4,228,App\Politician
1,229,App\Politician
22,229,App\Politician
24,229,App\Politician
1,230,App\Politician
9,230,App\Politician
24,230,App\Politician
6,231,App\Politician
3,231,App\Politician
24,231,App\Politician
6,232,App\Politician
40,232,App\Politician
24,232,App\Politician
6,233,App\Politician
39,233,App\Politician
24,233,App\Politician
6,234,App\Politician
20,234,App\Politician
4,234,App\Politician
6,235,App\Politician
56,235,App\Politician
24,235,App\Politician
1,236,App\Politician
39,236,App\Politician
24,236,App\Politician
1,237,App\Politician
55,237,App\Politician
24,237,App\Politician
6,238,App\Politician
40,238,App\Politician
24,238,App\Politician
6,239,App\Politician
25,239,App\Politician
24,239,App\Politician
6,240,App\Politician
22,240,App\Politician
24,240,App\Politician
6,241,App\Politician
10,241,App\Politician
24,241,App\Politician
6,242,App\Politician
13,242,App\Politician
24,242,App\Politician
6,243,App\Politician
53,243,App\Politician
24,243,App\Politician
1,244,App\Politician
39,244,App\Politician
24,244,App\Politician
1,245,App\Politician
10,245,App\Politician
24,245,App\Politician
1,246,App\Politician
39,246,App\Politician
24,246,App\Politician
1,247,App\Politician
37,247,App\Politician
4,247,App\Politician
1,248,App\Politician
50,248,App\Politician
24,248,App\Politician
6,249,App\Politician
25,249,App\Politician
24,249,App\Politician
6,250,App\Politician
40,250,App\Politician
24,250,App\Politician
1,251,App\Politician
44,251,App\Politician
24,251,App\Politician
1,252,App\Politician
31,252,App\Politician
24,252,App\Politician
1,253,App\Politician
55,253,App\Politician
24,253,App\Politician
1,254,App\Politician
57,254,App\Politician
24,254,App\Politician
6,255,App\Politician
10,255,App\Politician
24,255,App\Politician
1,256,App\Politician
49,256,App\Politician
24,256,App\Politician
1,257,App\Politician
35,257,App\Politician
24,257,App\Politician
1,258,App\Politician
57,258,App\Politician
4,258,App\Politician
1,259,App\Politician
9,259,App\Politician
24,259,App\Politician
6,260,App\Politician
15,260,App\Politician
4,260,App\Politician
6,261,App\Politician
39,261,App\Politician
24,261,App\Politician
1,262,App\Politician
56,262,App\Politician
4,262,App\Politician
1,263,App\Politician
22,263,App\Politician
24,263,App\Politician
6,264,App\Politician
39,264,App\Politician
24,264,App\Politician
6,265,App\Politician
34,265,App\Politician
24,265,App\Politician
1,266,App\Politician
50,266,App\Politician
4,266,App\Politician
6,267,App\Politician
18,267,App\Politician
4,267,App\Politician
6,268,App\Politician
25,268,App\Politician
24,268,App\Politician
1,269,App\Politician
39,269,App\Politician
24,269,App\Politician
1,270,App\Politician
34,270,App\Politician
24,270,App\Politician
6,271,App\Politician
10,271,App\Politician
24,271,App\Politician
6,272,App\Politician
38,272,App\Politician
4,272,App\Politician
1,273,App\Politician
30,273,App\Politician
24,273,App\Politician
6,274,App\Politician
13,274,App\Politician
24,274,App\Politician
6,275,App\Politician
22,275,App\Politician
24,275,App\Politician
6,276,App\Politician
25,276,App\Politician
24,276,App\Politician
6,277,App\Politician
34,277,App\Politician
24,277,App\Politician
1,278,App\Politician
47,278,App\Politician
4,278,App\Politician
1,279,App\Politician
22,279,App\Politician
24,279,App\Politician
1,280,App\Politician
12,280,App\Politician
24,280,App\Politician
1,281,App\Politician
10,281,App\Politician
24,281,App\Politician
6,282,App\Politician
29,282,App\Politician
24,282,App\Politician
6,283,App\Politician
39,283,App\Politician
24,283,App\Politician
6,284,App\Politician
50,284,App\Politician
24,284,App\Politician
6,285,App\Politician
16,285,App\Politician
24,285,App\Politician
6,286,App\Politician
18,286,App\Politician
24,286,App\Politician
6,287,App\Politician
34,287,App\Politician
24,287,App\Politician
1,288,App\Politician
49,288,App\Politician
24,288,App\Politician
6,289,App\Politician
41,289,App\Politician
4,289,App\Politician
6,290,App\Politician
50,290,App\Politician
24,290,App\Politician
1,291,App\Politician
19,291,App\Politician
24,291,App\Politician
6,292,App\Politician
10,292,App\Politician
24,292,App\Politician
1,293,App\Politician
50,293,App\Politician
4,293,App\Politician
1,294,App\Politician
39,294,App\Politician
24,294,App\Politician
1,295,App\Politician
35,295,App\Politician
24,295,App\Politician
6,296,App\Politician
3,296,App\Politician
24,296,App\Politician
6,297,App\Politician
12,297,App\Politician
24,297,App\Politician
1,298,App\Politician
10,298,App\Politician
24,298,App\Politician
6,299,App\Politician
10,299,App\Politician
24,299,App\Politician
1,300,App\Politician
9,300,App\Politician
24,300,App\Politician
6,301,App\Politician
35,301,App\Politician
24,301,App\Politician
6,302,App\Politician
33,302,App\Politician
24,302,App\Politician
1,303,App\Politician
3,303,App\Politician
24,303,App\Politician
6,304,App\Politician
22,304,App\Politician
24,304,App\Politician
6,305,App\Politician
37,305,App\Politician
4,305,App\Politician
1,306,App\Politician
39,306,App\Politician
24,306,App\Politician
1,307,App\Politician
38,307,App\Politician
24,307,App\Politician
6,308,App\Politician
30,308,App\Politician
24,308,App\Politician
6,309,App\Politician
53,309,App\Politician
4,309,App\Politician
1,310,App\Politician
50,310,App\Politician
24,310,App\Politician
1,311,App\Politician
52,311,App\Politician
24,311,App\Politician
1,312,App\Politician
47,312,App\Politician
24,312,App\Politician
1,313,App\Politician
19,313,App\Politician
24,313,App\Politician
6,314,App\Politician
38,314,App\Politician
24,314,App\Politician
1,315,App\Politician
57,315,App\Politician
24,315,App\Politician
6,316,App\Politician
52,316,App\Politician
24,316,App\Politician
6,317,App\Politician
45,317,App\Politician
4,317,App\Politician
1,318,App\Politician
22,318,App\Politician
24,318,App\Politician
1,319,App\Politician
3,319,App\Politician
24,319,App\Politician
1,320,App\Politician
39,320,App\Politician
24,320,App\Politician
1,321,App\Politician
22,321,App\Politician
24,321,App\Politician
1,322,App\Politician
16,322,App\Politician
4,322,App\Politician
1,323,App\Politician
39,323,App\Politician
4,323,App\Politician
1,324,App\Politician
39,324,App\Politician
24,324,App\Politician
1,325,App\Politician
55,325,App\Politician
24,325,App\Politician
6,326,App\Politician
17,326,App\Politician
24,326,App\Politician
6,327,App\Politician
3,327,App\Politician
24,327,App\Politician
6,328,App\Politician
17,328,App\Politician
24,328,App\Politician
6,329,App\Politician
58,329,App\Politician
4,329,App\Politician
6,330,App\Politician
25,330,App\Politician
24,330,App\Politician
6,331,App\Politician
10,331,App\Politician
24,331,App\Politician
6,332,App\Politician
58,332,App\Politician
24,332,App\Politician
6,333,App\Politician
59,333,App\Politician
24,333,App\Politician
6,334,App\Politician
38,334,App\Politician
24,334,App\Politician
6,335,App\Politician
22,335,App\Politician
24,335,App\Politician
6,336,App\Politician
51,336,App\Politician
24,336,App\Politician
1,337,App\Politician
50,337,App\Politician
24,337,App\Politician
1,338,App\Politician
12,338,App\Politician
24,338,App\Politician
6,339,App\Politician
23,339,App\Politician
24,339,App\Politician
1,340,App\Politician
52,340,App\Politician
4,340,App\Politician
6,341,App\Politician
34,341,App\Politician
24,341,App\Politician
6,342,App\Politician
34,342,App\Politician
24,342,App\Politician
6,343,App\Politician
9,343,App\Politician
24,343,App\Politician
6,344,App\Politician
9,344,App\Politician
24,344,App\Politician
1,345,App\Politician
10,345,App\Politician
24,345,App\Politician
6,346,App\Politician
59,346,App\Politician
4,346,App\Politician
6,347,App\Politician
3,347,App\Politician
24,347,App\Politician
6,348,App\Politician
40,348,App\Politician
24,348,App\Politician
6,349,App\Politician
22,349,App\Politician
24,349,App\Politician
6,350,App\Politician
39,350,App\Politician
24,350,App\Politician
6,351,App\Politician
19,351,App\Politician
24,351,App\Politician
6,352,App\Politician
12,352,App\Politician
24,352,App\Politician
6,353,App\Politician
25,353,App\Politician
24,353,App\Politician
6,354,App\Politician
25,354,App\Politician
24,354,App\Politician
1,355,App\Politician
34,355,App\Politician
24,355,App\Politician
6,356,App\Politician
9,356,App\Politician
24,356,App\Politician
6,357,App\Politician
45,357,App\Politician
4,357,App\Politician
1,358,App\Politician
9,358,App\Politician
24,358,App\Politician
6,359,App\Politician
36,359,App\Politician
4,359,App\Politician
1,360,App\Politician
50,360,App\Politician
24,360,App\Politician
1,361,App\Politician
9,361,App\Politician
24,361,App\Politician
6,362,App\Politician
33,362,App\Politician
24,362,App\Politician
6,363,App\Politician
17,363,App\Politician
24,363,App\Politician
6,364,App\Politician
22,364,App\Politician
24,364,App\Politician
6,365,App\Politician
40,365,App\Politician
24,365,App\Politician
1,366,App\Politician
58,366,App\Politician
24,366,App\Politician
6,367,App\Politician
9,367,App\Politician
24,367,App\Politician
1,368,App\Politician
9,368,App\Politician
24,368,App\Politician
1,369,App\Politician
58,369,App\Politician
24,369,App\Politician
1,370,App\Politician
3,370,App\Politician
4,370,App\Politician
1,371,App\Politician
10,371,App\Politician
24,371,App\Politician
6,372,App\Politician
30,372,App\Politician
24,372,App\Politician
6,373,App\Politician
13,373,App\Politician
24,373,App\Politician
1,374,App\Politician
39,374,App\Politician
24,374,App\Politician
6,375,App\Politician
40,375,App\Politician
24,375,App\Politician
1,376,App\Politician
48,376,App\Politician
4,376,App\Politician
6,377,App\Politician
31,377,App\Politician
4,377,App\Politician
6,378,App\Politician
12,378,App\Politician
24,378,App\Politician
6,379,App\Politician
3,379,App\Politician
24,379,App\Politician
6,380,App\Politician
58,380,App\Politician
24,380,App\Politician
6,381,App\Politician
18,381,App\Politician
24,381,App\Politician
6,382,App\Politician
20,382,App\Politician
24,382,App\Politician
6,383,App\Politician
25,383,App\Politician
24,383,App\Politician
6,384,App\Politician
3,384,App\Politician
24,384,App\Politician
6,385,App\Politician
36,385,App\Politician
24,385,App\Politician
1,386,App\Politician
29,386,App\Politician
24,386,App\Politician
1,387,App\Politician
58,387,App\Politician
24,387,App\Politician
6,388,App\Politician
16,388,App\Politician
24,388,App\Politician
6,389,App\Politician
23,389,App\Politician
24,389,App\Politician
6,390,App\Politician
10,390,App\Politician
24,390,App\Politician
6,391,App\Politician
16,391,App\Politician
24,391,App\Politician
6,392,App\Politician
25,392,App\Politician
24,392,App\Politician
1,393,App\Politician
9,393,App\Politician
24,393,App\Politician
1,394,App\Politician
17,394,App\Politician
24,394,App\Politician
6,395,App\Politician
9,395,App\Politician
24,395,App\Politician
1,396,App\Politician
45,396,App\Politician
4,396,App\Politician
1,397,App\Politician
39,397,App\Politician
24,397,App\Politician
6,398,App\Politician
50,398,App\Politician
24,398,App\Politician
1,399,App\Politician
10,399,App\Politician
24,399,App\Politician
6,400,App\Politician
49,400,App\Politician
24,400,App\Politician
6,401,App\Politician
42,401,App\Politician
4,401,App\Politician
6,402,App\Politician
39,402,App\Politician
24,402,App\Politician
1,403,App\Politician
3,403,App\Politician
24,403,App\Politician
1,404,App\Politician
9,404,App\Politician
24,404,App\Politician
6,405,App\Politician
12,405,App\Politician
24,405,App\Politician
6,406,App\Politician
35,406,App\Politician
24,406,App\Politician
1,407,App\Politician
22,407,App\Politician
24,407,App\Politician
1,408,App\Politician
44,408,App\Politician
24,408,App\Politician
1,409,App\Politician
19,409,App\Politician
24,409,App\Politician
6,410,App\Politician
33,410,App\Politician
24,410,App\Politician
6,411,App\Politician
39,411,App\Politician
24,411,App\Politician
6,412,App\Politician
9,412,App\Politician
4,412,App\Politician
6,413,App\Politician
59,413,App\Politician
4,413,App\Politician
6,414,App\Politician
38,414,App\Politician
24,414,App\Politician
1,415,App\Politician
47,415,App\Politician
24,415,App\Politician
1,416,App\Politician
17,416,App\Politician
24,416,App\Politician
1,417,App\Politician
39,417,App\Politician
24,417,App\Politician
6,418,App\Politician
9,418,App\Politician
24,418,App\Politician
1,419,App\Politician
62,419,App\Politician
24,419,App\Politician
1,420,App\Politician
3,420,App\Politician
24,420,App\Politician
1,421,App\Politician
3,421,App\Politician
24,421,App\Politician
1,422,App\Politician
50,422,App\Politician
24,422,App\Politician
6,423,App\Politician
37,423,App\Politician
4,423,App\Politician
1,424,App\Politician
29,424,App\Politician
4,424,App\Politician
1,425,App\Politician
36,425,App\Politician
24,425,App\Politician
1,426,App\Politician
50,426,App\Politician
24,426,App\Politician
6,427,App\Politician
60,427,App\Politician
24,427,App\Politician
1,428,App\Politician
15,428,App\Politician
4,428,App\Politician
1,429,App\Politician
57,429,App\Politician
24,429,App\Politician
6,430,App\Politician
39,430,App\Politician
24,430,App\Politician
1,431,App\Politician
38,431,App\Politician
4,431,App\Politician
1,432,App\Politician
29,432,App\Politician
24,432,App\Politician
6,433,App\Politician
3,433,App\Politician
24,433,App\Politician
6,434,App\Politician
19,434,App\Politician
24,434,App\Politician
6,435,App\Politician
33,435,App\Politician
24,435,App\Politician
6,436,App\Politician
3,436,App\Politician
24,436,App\Politician
6,437,App\Politician
37,437,App\Politician
24,437,App\Politician
6,438,App\Politician
49,438,App\Politician
24,438,App\Politician
6,439,App\Politician
46,439,App\Politician
24,439,App\Politician
6,440,App\Politician
35,440,App\Politician
24,440,App\Politician
6,441,App\Politician
50,441,App\Politician
24,441,App\Politician
6,442,App\Politician
25,442,App\Politician
24,442,App\Politician
6,443,App\Politician
56,443,App\Politician
4,443,App\Politician
1,444,App\Politician
3,444,App\Politician
24,444,App\Politician
1,445,App\Politician
39,445,App\Politician
24,445,App\Politician
1,446,App\Politician
49,446,App\Politician
24,446,App\Politician
6,447,App\Politician
38,447,App\Politician
24,447,App\Politician
6,448,App\Politician
38,448,App\Politician
24,448,App\Politician
1,449,App\Politician
39,449,App\Politician
24,449,App\Politician
1,450,App\Politician
56,450,App\Politician
4,450,App\Politician
6,451,App\Politician
40,451,App\Politician
24,451,App\Politician
6,452,App\Politician
20,452,App\Politician
24,452,App\Politician
6,453,App\Politician
9,453,App\Politician
24,453,App\Politician
6,454,App\Politician
47,454,App\Politician
24,454,App\Politician
1,455,App\Politician
39,455,App\Politician
4,455,App\Politician
1,456,App\Politician
36,456,App\Politician
4,456,App\Politician
6,457,App\Politician
23,457,App\Politician
24,457,App\Politician
6,458,App\Politician
18,458,App\Politician
24,458,App\Politician
6,459,App\Politician
51,459,App\Politician
4,459,App\Politician
1,460,App\Politician
29,460,App\Politician
4,460,App\Politician
1,461,App\Politician
49,461,App\Politician
24,461,App\Politician
6,462,App\Politician
40,462,App\Politician
4,462,App\Politician
6,463,App\Politician
39,463,App\Politician
24,463,App\Politician
1,464,App\Politician
3,464,App\Politician
24,464,App\Politician
1,465,App\Politician
9,465,App\Politician
24,465,App\Politician
1,466,App\Politician
23,466,App\Politician
24,466,App\Politician
1,467,App\Politician
9,467,App\Politician
24,467,App\Politician
6,468,App\Politician
9,468,App\Politician
24,468,App\Politician
1,469,App\Politician
62,469,App\Politician
4,469,App\Politician
6,470,App\Politician
38,470,App\Politician
24,470,App\Politician
1,471,App\Politician
50,471,App\Politician
24,471,App\Politician
1,472,App\Politician
12,472,App\Politician
24,472,App\Politician
6,473,App\Politician
50,473,App\Politician
24,473,App\Politician
1,474,App\Politician
40,474,App\Politician
24,474,App\Politician
6,475,App\Politician
12,475,App\Politician
24,475,App\Politician
6,476,App\Politician
46,476,App\Politician
24,476,App\Politician
6,477,App\Politician
59,477,App\Politician
4,477,App\Politician
6,478,App\Politician
12,478,App\Politician
24,478,App\Politician
6,479,App\Politician
16,479,App\Politician
4,479,App\Politician
1,480,App\Politician
3,480,App\Politician
24,480,App\Politician
6,481,App\Politician
12,481,App\Politician
24,481,App\Politician
6,482,App\Politician
48,482,App\Politician
24,482,App\Politician
1,483,App\Politician
49,483,App\Politician
24,483,App\Politician
6,484,App\Politician
23,484,App\Politician
24,484,App\Politician
1,485,App\Politician
22,485,App\Politician
24,485,App\Politician
1,486,App\Politician
12,486,App\Politician
24,486,App\Politician
1,487,App\Politician
55,487,App\Politician
4,487,App\Politician
1,488,App\Politician
26,488,App\Politician
24,488,App\Politician
1,489,App\Politician
55,489,App\Politician
4,489,App\Politician
1,490,App\Politician
35,490,App\Politician
24,490,App\Politician
1,491,App\Politician
35,491,App\Politician
24,491,App\Politician
1,492,App\Politician
16,492,App\Politician
24,492,App\Politician
6,493,App\Politician
3,493,App\Politician
24,493,App\Politician
6,494,App\Politician
40,494,App\Politician
24,494,App\Politician
6,495,App\Politician
35,495,App\Politician
24,495,App\Politician
1,496,App\Politician
16,496,App\Politician
4,496,App\Politician
1,497,App\Politician
12,497,App\Politician
24,497,App\Politician
6,498,App\Politician
58,498,App\Politician
4,498,App\Politician
6,499,App\Politician
50,499,App\Politician
4,499,App\Politician
6,500,App\Politician
10,500,App\Politician
24,500,App\Politician
6,501,App\Politician
45,501,App\Politician
24,501,App\Politician
6,502,App\Politician
52,502,App\Politician
24,502,App\Politician
6,503,App\Politician
3,503,App\Politician
24,503,App\Politician
1,504,App\Politician
16,504,App\Politician
24,504,App\Politician
1,505,App\Politician
10,505,App\Politician
24,505,App\Politician
1,506,App\Politician
52,506,App\Politician
4,506,App\Politician
1,507,App\Politician
58,507,App\Politician
24,507,App\Politician
1,508,App\Politician
38,508,App\Politician
24,508,App\Politician
1,509,App\Politician
10,509,App\Politician
24,509,App\Politician
1,510,App\Politician
19,510,App\Politician
24,510,App\Politician
1,511,App\Politician
12,511,App\Politician
24,511,App\Politician
1,512,App\Politician
43,512,App\Politician
4,512,App\Politician
1,513,App\Politician
55,513,App\Politician
4,513,App\Politician
1,514,App\Politician
55,514,App\Politician
24,514,App\Politician
6,515,App\Politician
22,515,App\Politician
24,515,App\Politician
6,516,App\Politician
50,516,App\Politician
24,516,App\Politician
1,517,App\Politician
55,517,App\Politician
24,517,App\Politician
1,518,App\Politician
35,518,App\Politician
24,518,App\Politician
1,519,App\Politician
49,519,App\Politician
24,519,App\Politician
1,520,App\Politician
36,520,App\Politician
24,520,App\Politician
21,521,App\Politician
32,521,App\Politician
4,521,App\Politician
1,522,App\Politician
25,522,App\Politician
4,522,App\Politician
1,523,App\Politician
50,523,App\Politician
24,523,App\Politician
6,524,App\Politician
3,524,App\Politician
24,524,App\Politician
6,525,App\Politician
39,525,App\Politician
24,525,App\Politician
6,526,App\Politician
60,526,App\Politician
24,526,App\Politician
1,527,App\Politician
39,527,App\Politician
24,527,App\Politician
1,528,App\Politician
37,528,App\Politician
24,528,App\Politician
1,529,App\Politician
50,529,App\Politician
24,529,App\Politician
6,530,App\Politician
34,530,App\Politician
24,530,App\Politician
6,531,App\Politician
23,531,App\Politician
4,531,App\Politician
1,532,App\Politician
20,532,App\Politician
4,532,App\Politician
1,533,App\Politician
9,533,App\Politician
24,533,App\Politician
1,534,App\Politician
39,534,App\Politician
24,534,App\Politician
6,535,App\Politician
45,535,App\Politician
24,535,App\Politician
1,536,App\Politician
17,536,App\Politician
4,536,App\Politician
1,537,App\Politician
8,537,App\Politician
4,537,App\Politician
1,538,App\Politician
35,538,App\Politician
4,538,App\Politician
1,539,App\Politician
35,539,App\Politician
24,539,App\Politician
6,540,App\Politician
39,540,App\Politician
24,540,App\Politician
1,541,App\Politician
40,541,App\Politician
24,541,App\Politician
6,542,App\Politician
13,542,App\Politician
24,542,App\Politician
21,543,App\Politician
57,543,App\Politician
4,543,App\Politician
6,544,App\Politician
40,544,App\Politician
24,544,App\Politician
1,545,App\Politician
39,545,App\Politician
24,545,App\Politician
1,546,App\Politician
3,546,App\Politician
24,546,App\Politician
6,547,App\Politician
51,547,App\Politician
24,547,App\Politician
6,548,App\Politician
47,548,App\Politician
4,548,App\Politician
6,549,App\Politician
39,549,App\Politician
24,549,App\Politician
1,550,App\Politician
23,550,App\Politician
4,550,App\Politician
1,551,App\Politician
39,551,App\Politician
24,551,App\Politician
6,552,App\Politician
50,552,App\Politician
24,552,App\Politician
6,553,App\Politician
12,553,App\Politician
24,553,App\Politician
6,554,App\Politician
17,554,App\Politician
24,554,App\Politician
1,555,App\Politician
57,555,App\Politician
24,555,App\Politician
1,556,App\Politician
26,556,App\Politician
24,556,App\Politician
1,557,App\Politician
49,557,App\Politician
24,557,App\Politician
1,558,App\Politician
55,558,App\Politician
24,558,App\Politician
1,559,App\Politician
50,559,App\Politician
24,559,App\Politician
6,560,App\Politician
31,560,App\Politician
24,560,App\Politician
1,561,App\Politician
45,561,App\Politician
24,561,App\Politician
6,562,App\Politician
12,562,App\Politician
24,562,App\Politician
6,563,App\Politician
17,563,App\Politician
24,563,App\Politician
6,564,App\Politician
3,564,App\Politician
24,564,App\Politician
6,565,App\Politician
33,565,App\Politician
24,565,App\Politician
1,566,App\Politician
15,566,App\Politician
24,566,App\Politician
6,567,App\Politician
53,567,App\Politician
24,567,App\Politician
6,568,App\Politician
10,568,App\Politician
4,568,App\Politician
6,569,App\Politician
61,569,App\Politician
24,569,App\Politician
6,570,App\Politician
23,570,App\Politician
24,570,App\Politician
6,571,App\Politician
51,571,App\Politician
4,571,App\Politician
6,572,App\Politician
33,572,App\Politician
24,572,App\Politician
6,573,App\Politician
42,573,App\Politician
4,573,App\Politician
6,574,App\Politician
39,574,App\Politician
24,574,App\Politician
1,575,App\Politician
39,575,App\Politician
24,575,App\Politician
1,576,App\Politician
15,576,App\Politician
24,576,App\Politician
1,577,App\Politician
35,577,App\Politician
24,577,App\Politician
1,578,App\Politician
39,578,App\Politician
24,578,App\Politician
6,579,App\Politician
40,579,App\Politician
24,579,App\Politician
6,580,App\Politician
42,580,App\Politician
24,580,App\Politician
6,581,App\Politician
50,581,App\Politician
24,581,App\Politician
1,582,App\Politician
10,582,App\Politician
24,582,App\Politician
6,583,App\Politician
52,583,App\Politician
24,583,App\Politician
1,584,App\Politician
3,584,App\Politician
24,584,App\Politician
1,585,App\Politician
55,585,App\Politician
4,585,App\Politician
6,586,App\Politician
58,586,App\Politician
4,586,App\Politician
1,587,App\Politician
3,587,App\Politician
24,587,App\Politician
1,588,App\Politician
55,588,App\Politician
24,588,App\Politician
6,589,App\Politician
13,589,App\Politician
4,589,App\Politician
6,590,App\Politician
23,590,App\Politician
24,590,App\Politician
1,591,App\Politician
49,591,App\Politician
24,591,App\Politician
6,592,App\Politician
3,592,App\Politician
24,592,App\Politician
1,593,App\Politician
38,593,App\Politician
24,593,App\Politician
6,594,App\Politician
39,594,App\Politician
24,594,App\Politician
1,595,App\Politician
3,595,App\Politician
24,595,App\Politician
1,596,App\Politician
55,596,App\Politician
24,596,App\Politician
1,597,App\Politician
17,597,App\Politician
4,597,App\Politician
6,598,App\Politician
10,598,App\Politician
24,598,App\Politician
1,599,App\Politician
19,599,App\Politician
4,599,App\Politician
1,600,App\Politician
39,600,App\Politician
24,600,App\Politician
1,601,App\Politician
39,601,App\Politician
24,601,App\Politician
1,602,App\Politician
48,602,App\Politician
24,602,App\Politician
1,603,App\Politician
25,603,App\Politician
24,603,App\Politician
6,604,App\Politician
46,604,App\Politician
4,604,App\Politician
1,605,App\Politician
49,605,App\Politician
4,605,App\Politician
1,606,App\Politician
22,606,App\Politician
24,606,App\Politician
6,607,App\Politician
38,607,App\Politician
24,607,App\Politician
1,608,App\Politician
3,608,App\Politician
24,608,App\Politician
6,609,App\Politician
50,609,App\Politician
24,609,App\Politician
6,610,App\Politician
39,610,App\Politician
24,610,App\Politician
1,611,App\Politician
46,611,App\Politician
24,611,App\Politician
1,612,App\Politician
42,612,App\Politician
24,612,App\Politician
1,613,App\Politician
52,613,App\Politician
24,613,App\Politician
6,614,App\Politician
10,614,App\Politician
24,614,App\Politician
1,615,App\Politician
40,615,App\Politician
24,615,App\Politician
6,616,App\Politician
35,616,App\Politician
24,616,App\Politician
1,617,App\Politician
10,617,App\Politician
24,617,App\Politician
1,618,App\Politician
32,618,App\Politician
24,618,App\Politician
6,619,App\Politician
35,619,App\Politician
24,619,App\Politician
6,620,App\Politician
22,620,App\Politician
24,620,App\Politician
6,621,App\Politician
31,621,App\Politician
24,621,App\Politician
6,622,App\Politician
54,622,App\Politician
4,622,App\Politician
1,623,App\Politician
38,623,App\Politician
24,623,App\Politician
6,624,App\Politician
10,624,App\Politician
24,624,App\Politician
6,625,App\Politician
38,625,App\Politician
24,625,App\Politician
6,626,App\Politician
9,626,App\Politician
24,626,App\Politician
6,627,App\Politician
9,627,App\Politician
24,627,App\Politician
6,628,App\Politician
49,628,App\Politician
24,628,App\Politician
1,629,App\Politician
16,629,App\Politician
24,629,App\Politician
1,630,App\Politician
23,630,App\Politician
24,630,App\Politician
6,631,App\Politician
10,631,App\Politician
4,631,App\Politician
1,632,App\Politician
39,632,App\Politician
24,632,App\Politician
1,633,App\Politician
10,633,App\Politician
24,633,App\Politician
6,634,App\Politician
39,634,App\Politician
24,634,App\Politician
1,635,App\Politician
39,635,App\Politician
24,635,App\Politician
1,636,App\Politician
58,636,App\Politician
24,636,App\Politician
1,637,App\Politician
22,637,App\Politician
24,637,App\Politician
1,638,App\Politician
57,638,App\Politician
4,638,App\Politician
1,639,App\Politician
33,639,App\Politician
4,639,App\Politician
1,640,App\Politician
3,640,App\Politician
24,640,App\Politician
1,641,App\Politician
31,641,App\Politician
24,641,App\Politician
1,642,App\Politician
3,642,App\Politician
24,642,App\Politician
1,643,App\Politician
3,643,App\Politician
24,643,App\Politician
1,644,App\Politician
61,644,App\Politician
24,644,App\Politician
1,645,App\Politician
44,645,App\Politician
4,645,App\Politician
6,646,App\Politician
39,646,App\Politician
24,646,App\Politician
1,647,App\Politician
3,647,App\Politician
24,647,App\Politician
6,648,App\Politician
22,648,App\Politician
24,648,App\Politician
6,649,App\Politician
48,649,App\Politician
24,649,App\Politician
6,650,App\Politician
22,650,App\Politician
24,650,App\Politician
6,651,App\Politician
18,651,App\Politician
24,651,App\Politician
1,652,App\Politician
48,652,App\Politician
4,652,App\Politician
6,653,App\Politician
13,653,App\Politician
24,653,App\Politician
1,654,App\Politician
3,654,App\Politician
24,654,App\Politician
6,655,App\Politician
38,655,App\Politician
24,655,App\Politician
1,656,App\Politician
3,656,App\Politician
24,656,App\Politician
6,657,App\Politician
47,657,App\Politician
24,657,App\Politician
6,658,App\Politician
51,658,App\Politician
24,658,App\Politician
6,659,App\Politician
17,659,App\Politician
24,659,App\Politician
6,660,App\Politician
35,660,App\Politician
24,660,App\Politician
6,661,App\Politician
48,661,App\Politician
24,661,App\Politician
1,662,App\Politician
55,662,App\Politician
24,662,App\Politician
6,663,App\Politician
58,663,App\Politician
24,663,App\Politician
6,664,App\Politician
46,664,App\Politician
24,664,App\Politician
6,665,App\Politician
10,665,App\Politician
24,665,App\Politician
1,666,App\Politician
25,666,App\Politician
24,666,App\Politician
6,667,App\Politician
35,667,App\Politician
24,667,App\Politician
1,668,App\Politician
10,668,App\Politician
24,668,App\Politician
1,669,App\Politician
3,669,App\Politician
24,669,App\Politician
1,670,App\Politician
55,670,App\Politician
24,670,App\Politician
1,671,App\Politician
10,671,App\Politician
4,671,App\Politician
1,672,App\Politician
52,672,App\Politician
24,672,App\Politician
6,673,App\Politician
40,673,App\Politician
24,673,App\Politician
1,674,App\Politician
39,674,App\Politician
24,674,App\Politician
1,675,App\Politician
59,675,App\Politician
4,675,App\Politician
6,676,App\Politician
39,676,App\Politician
24,676,App\Politician
6,677,App\Politician
9,677,App\Politician
24,677,App\Politician
1,678,App\Politician
25,678,App\Politician
24,678,App\Politician
6,679,App\Politician
62,679,App\Politician
24,679,App\Politician
6,680,App\Politician
10,680,App\Politician
24,680,App\Politician
6,681,App\Politician
60,681,App\Politician
24,681,App\Politician
1,682,App\Politician
17,682,App\Politician
24,682,App\Politician
6,683,App\Politician
49,683,App\Politician
24,683,App\Politician
1,684,App\Politician
52,684,App\Politician
24,684,App\Politician
1,685,App\Politician
16,685,App\Politician
24,685,App\Politician
1,686,App\Politician
55,686,App\Politician
24,686,App\Politician
1,687,App\Politician
9,687,App\Politician
24,687,App\Politician
6,688,App\Politician
9,688,App\Politician
24,688,App\Politician
1,689,App\Politician
3,689,App\Politician
24,689,App\Politician
1,690,App\Politician
9,690,App\Politician
24,690,App\Politician
1,691,App\Politician
58,691,App\Politician
24,691,App\Politician
1,692,App\Politician
17,692,App\Politician
24,692,App\Politician
1,693,App\Politician
17,693,App\Politician
24,693,App\Politician
1,694,App\Politician
58,694,App\Politician
24,694,App\Politician
1,695,App\Politician
39,695,App\Politician
24,695,App\Politician
1,696,App\Politician
52,696,App\Politician
24,696,App\Politician
6,697,App\Politician
22,697,App\Politician
24,697,App\Politician
6,698,App\Politician
16,698,App\Politician
24,698,App\Politician
6,699,App\Politician
60,699,App\Politician
24,699,App\Politician
6,700,App\Politician
22,700,App\Politician
24,700,App\Politician
1,701,App\Politician
56,701,App\Politician
24,701,App\Politician
6,702,App\Politician
12,702,App\Politician
4,702,App\Politician
1,703,App\Politician
38,703,App\Politician
24,703,App\Politician
6,704,App\Politician
12,704,App\Politician
24,704,App\Politician
6,705,App\Politician
9,705,App\Politician
24,705,App\Politician
6,706,App\Politician
22,706,App\Politician
24,706,App\Politician
6,707,App\Politician
10,707,App\Politician
24,707,App\Politician
6,708,App\Politician
47,708,App\Politician
24,708,App\Politician
6,709,App\Politician
15,709,App\Politician
24,709,App\Politician
6,710,App\Politician
37,710,App\Politician
24,710,App\Politician
1,711,App\Politician
20,711,App\Politician
4,711,App\Politician
6,712,App\Politician
40,712,App\Politician
24,712,App\Politician
6,713,App\Politician
9,713,App\Politician
24,713,App\Politician
1,714,App\Politician
31,714,App\Politician
24,714,App\Politician
6,715,App\Politician
52,715,App\Politician
24,715,App\Politician
1,716,App\Politician
35,716,App\Politician
4,716,App\Politician
1,717,App\Politician
32,717,App\Politician
24,717,App\Politician
1,718,App\Politician
31,718,App\Politician
24,718,App\Politician
6,719,App\Politician
10,719,App\Politician
24,719,App\Politician
1,720,App\Politician
25,720,App\Politician
24,720,App\Politician
6,721,App\Politician
60,721,App\Politician
24,721,App\Politician
6,722,App\Politician
46,722,App\Politician
24,722,App\Politician
1,723,App\Politician
17,723,App\Politician
24,723,App\Politician
6,724,App\Politician
22,724,App\Politician
24,724,App\Politician
6,725,App\Politician
38,725,App\Politician
24,725,App\Politician
1,726,App\Politician
16,726,App\Politician
24,726,App\Politician
1,727,App\Politician
39,727,App\Politician
24,727,App\Politician
6,728,App\Politician
30,728,App\Politician
24,728,App\Politician
6,729,App\Politician
32,729,App\Politician
24,729,App\Politician
6,730,App\Politician
40,730,App\Politician
4,730,App\Politician
1,731,App\Politician
39,731,App\Politician
24,731,App\Politician
1,732,App\Politician
50,732,App\Politician
24,732,App\Politician
6,733,App\Politician
58,733,App\Politician
24,733,App\Politician
6,734,App\Politician
39,734,App\Politician
24,734,App\Politician
1,735,App\Politician
48,735,App\Politician
24,735,App\Politician
6,736,App\Politician
52,736,App\Politician
24,736,App\Politician
1,737,App\Politician
3,737,App\Politician
24,737,App\Politician
1,738,App\Politician
26,738,App\Politician
4,738,App\Politician
6,739,App\Politician
12,739,App\Politician
24,739,App\Politician
1,740,App\Politician
37,740,App\Politician
4,740,App\Politician
1,741,App\Politician
9,741,App\Politician
24,741,App\Politician
6,742,App\Politician
46,742,App\Politician
4,742,App\Politician
1,743,App\Politician
48,743,App\Politician
4,743,App\Politician
6,744,App\Politician
13,744,App\Politician
24,744,App\Politician
6,745,App\Politician
39,745,App\Politician
24,745,App\Politician
6,746,App\Politician
10,746,App\Politician
24,746,App\Politician
1,747,App\Politician
17,747,App\Politician
24,747,App\Politician
1,748,App\Politician
39,748,App\Politician
24,748,App\Politician
6,749,App\Politician
39,749,App\Politician
24,749,App\Politician
1,750,App\Politician
50,750,App\Politician
24,750,App\Politician
1,751,App\Politician
9,751,App\Politician
24,751,App\Politician
6,752,App\Politician
3,752,App\Politician
24,752,App\Politician
6,753,App\Politician
16,753,App\Politician
24,753,App\Politician
6,754,App\Politician
41,754,App\Politician
24,754,App\Politician
1,755,App\Politician
20,755,App\Politician
24,755,App\Politician
6,756,App\Politician
58,756,App\Politician
24,756,App\Politician
6,757,App\Politician
30,757,App\Politician
24,757,App\Politician
1,758,App\Politician
19,758,App\Politician
24,758,App\Politician
1,759,App\Politician
12,759,App\Politician
24,759,App\Politician
6,760,App\Politician
49,760,App\Politician
24,760,App\Politician
6,761,App\Politician
50,761,App\Politician
24,761,App\Politician
1,762,App\Politician
39,762,App\Politician
24,762,App\Politician
6,763,App\Politician
34,763,App\Politician
24,763,App\Politician
6,764,App\Politician
10,764,App\Politician
24,764,App\Politician
6,765,App\Politician
61,765,App\Politician
4,765,App\Politician
6,766,App\Politician
3,766,App\Politician
24,766,App\Politician
6,767,App\Politician
12,767,App\Politician
24,767,App\Politician
6,768,App\Politician
16,768,App\Politician
24,768,App\Politician
1,769,App\Politician
23,769,App\Politician
24,769,App\Politician
6,770,App\Politician
25,770,App\Politician
24,770,App\Politician
6,771,App\Politician
10,771,App\Politician
24,771,App\Politician
6,772,App\Politician
30,772,App\Politician
24,772,App\Politician
6,773,App\Politician
47,773,App\Politician
24,773,App\Politician
6,774,App\Politician
10,774,App\Politician
24,774,App\Politician
6,775,App\Politician
17,775,App\Politician
24,775,App\Politician
6,776,App\Politician
18,776,App\Politician
24,776,App\Politician
6,777,App\Politician
22,777,App\Politician
24,777,App\Politician
1,778,App\Politician
39,778,App\Politician
24,778,App\Politician
6,779,App\Politician
9,779,App\Politician
24,779,App\Politician
1,780,App\Politician
3,780,App\Politician
24,780,App\Politician
6,781,App\Politician
38,781,App\Politician
24,781,App\Politician
6,782,App\Politician
51,782,App\Politician
24,782,App\Politician
6,783,App\Politician
62,783,App\Politician
4,783,App\Politician
1,784,App\Politician
19,784,App\Politician
24,784,App\Politician
6,785,App\Politician
10,785,App\Politician
24,785,App\Politician
1,786,App\Politician
37,786,App\Politician
24,786,App\Politician
6,787,App\Politician
10,787,App\Politician
24,787,App\Politician
1,788,App\Politician
39,788,App\Politician
24,788,App\Politician
21,789,App\Politician
8,789,App\Politician
4,789,App\Politician
6,790,App\Politician
18,790,App\Politician
24,790,App\Politician
6,791,App\Politician
17,791,App\Politician
24,791,App\Politician
1,792,App\Politician
3,792,App\Politician
4,792,App\Politician
1,793,App\Politician
25,793,App\Politician
24,793,App\Politician
6,794,App\Politician
16,794,App\Politician
24,794,App\Politician
1,795,App\Politician
3,795,App\Politician
24,795,App\Politician
6,796,App\Politician
9,796,App\Politician
24,796,App\Politician
6,797,App\Politician
58,797,App\Politician
24,797,App\Politician
6,798,App\Politician
30,798,App\Politician
4,798,App\Politician
1,799,App\Politician
39,799,App\Politician
24,799,App\Politician
6,800,App\Politician
50,800,App\Politician
24,800,App\Politician
1,801,App\Politician
33,801,App\Politician
24,801,App\Politician
1,802,App\Politician
3,802,App\Politician
24,802,App\Politician
1,803,App\Politician
49,803,App\Politician
24,803,App\Politician
6,804,App\Politician
17,804,App\Politician
24,804,App\Politician
6,805,App\Politician
9,805,App\Politician
24,805,App\Politician
6,806,App\Politician
32,806,App\Politician
4,806,App\Politician
1,807,App\Politician
20,807,App\Politician
24,807,App\Politician
1,808,App\Politician
22,808,App\Politician
4,808,App\Politician
1,809,App\Politician
18,809,App\Politician
24,809,App\Politician
1,810,App\Politician
35,810,App\Politician
4,810,App\Politician
1,811,App\Politician
39,811,App\Politician
24,811,App\Politician
6,812,App\Politician
10,812,App\Politician
24,812,App\Politician
6,813,App\Politician
54,813,App\Politician
4,813,App\Politician
1,814,App\Politician
35,814,App\Politician
24,814,App\Politician
6,815,App\Politician
36,815,App\Politician
4,815,App\Politician
6,816,App\Politician
30,816,App\Politician
4,816,App\Politician
6,817,App\Politician
44,817,App\Politician
4,817,App\Politician
6,818,App\Politician
47,818,App\Politician
24,818,App\Politician
6,819,App\Politician
57,819,App\Politician
24,819,App\Politician
1,820,App\Politician
50,820,App\Politician
24,820,App\Politician
6,821,App\Politician
61,821,App\Politician
24,821,App\Politician
1,822,App\Politician
39,822,App\Politician
24,822,App\Politician
1,823,App\Politician
39,823,App\Politician
24,823,App\Politician
6,824,App\Politician
22,824,App\Politician
24,824,App\Politician
6,825,App\Politician
51,825,App\Politician
24,825,App\Politician
1,826,App\Politician
39,826,App\Politician
24,826,App\Politician
1,827,App\Politician
40,827,App\Politician
24,827,App\Politician
1,828,App\Politician
31,828,App\Politician
24,828,App\Politician
1,829,App\Politician
22,829,App\Politician
24,829,App\Politician
1,830,App\Politician
31,830,App\Politician
4,830,App\Politician
6,831,App\Politician
12,831,App\Politician
24,831,App\Politician
1,832,App\Politician
17,832,App\Politician
24,832,App\Politician
6,833,App\Politician
61,833,App\Politician
24,833,App\Politician
1,834,App\Politician
19,834,App\Politician
24,834,App\Politician
1,835,App\Politician
22,835,App\Politician
24,835,App\Politician
1,836,App\Politician
36,836,App\Politician
24,836,App\Politician
1,837,App\Politician
38,837,App\Politician
24,837,App\Politician
6,838,App\Politician
59,838,App\Politician
24,838,App\Politician
1,839,App\Politician
12,839,App\Politician
24,839,App\Politician
1,840,App\Politician
12,840,App\Politician
24,840,App\Politician
1,841,App\Politician
39,841,App\Politician
24,841,App\Politician
6,842,App\Politician
23,842,App\Politician
24,842,App\Politician
1,843,App\Politician
35,843,App\Politician
24,843,App\Politician
6,844,App\Politician
50,844,App\Politician
24,844,App\Politician
1,845,App\Politician
44,845,App\Politician
24,845,App\Politician
1,846,App\Politician
36,846,App\Politician
4,846,App\Politician
6,847,App\Politician
50,847,App\Politician
24,847,App\Politician
6,848,App\Politician
58,848,App\Politician
24,848,App\Politician
6,849,App\Politician
18,849,App\Politician
4,849,App\Politician
1,850,App\Politician
30,850,App\Politician
24,850,App\Politician
6,851,App\Politician
10,851,App\Politician
24,851,App\Politician
6,852,App\Politician
12,852,App\Politician
24,852,App\Politician
6,853,App\Politician
47,853,App\Politician
24,853,App\Politician
6,854,App\Politician
40,854,App\Politician
24,854,App\Politician
1,855,App\Politician
50,855,App\Politician
24,855,App\Politician
1,856,App\Politician
58,856,App\Politician
24,856,App\Politician
6,857,App\Politician
42,857,App\Politician
24,857,App\Politician
1,858,App\Politician
39,858,App\Politician
24,858,App\Politician
1,859,App\Politician
29,859,App\Politician
4,859,App\Politician
6,860,App\Politician
33,860,App\Politician
24,860,App\Politician
6,861,App\Politician
3,861,App\Politician
24,861,App\Politician
6,862,App\Politician
59,862,App\Politician
4,862,App\Politician
6,863,App\Politician
54,863,App\Politician
4,863,App\Politician
6,864,App\Politician
22,864,App\Politician
24,864,App\Politician
1,865,App\Politician
10,865,App\Politician
24,865,App\Politician
1,866,App\Politician
3,866,App\Politician
24,866,App\Politician
1,867,App\Politician
34,867,App\Politician
24,867,App\Politician
1,868,App\Politician
39,868,App\Politician
24,868,App\Politician
1,869,App\Politician
60,869,App\Politician
24,869,App\Politician
1,870,App\Politician
60,870,App\Politician
24,870,App\Politician
6,871,App\Politician
9,871,App\Politician
24,871,App\Politician
6,872,App\Politician
62,872,App\Politician
4,872,App\Politician
6,873,App\Politician
46,873,App\Politician
24,873,App\Politician
1,874,App\Politician
55,874,App\Politician
24,874,App\Politician
1,875,App\Politician
3,875,App\Politician
24,875,App\Politician
6,876,App\Politician
31,876,App\Politician
24,876,App\Politician
6,877,App\Politician
59,877,App\Politician
24,877,App\Politician
1,878,App\Politician
39,878,App\Politician
24,878,App\Politician
6,879,App\Politician
22,879,App\Politician
4,879,App\Politician
6,880,App\Politician
12,880,App\Politician
24,880,App\Politician
6,881,App\Politician
12,881,App\Politician
24,881,App\Politician
1,882,App\Politician
41,882,App\Politician
4,882,App\Politician
1,883,App\Politician
55,883,App\Politician
24,883,App\Politician
1,884,App\Politician
15,884,App\Politician
24,884,App\Politician
6,885,App\Politician
22,885,App\Politician
24,885,App\Politician
1,886,App\Politician
37,886,App\Politician
24,886,App\Politician
1,887,App\Politician
3,887,App\Politician
24,887,App\Politician
6,888,App\Politician
31,888,App\Politician
24,888,App\Politician
6,889,App\Politician
3,889,App\Politician
24,889,App\Politician
1,890,App\Politician
39,890,App\Politician
24,890,App\Politician
1,891,App\Politician
39,891,App\Politician
24,891,App\Politician
6,892,App\Politician
35,892,App\Politician
24,892,App\Politician
6,893,App\Politician
38,893,App\Politician
4,893,App\Politician
6,894,App\Politician
25,894,App\Politician
24,894,App\Politician
6,895,App\Politician
3,895,App\Politician
24,895,App\Politician
6,896,App\Politician
35,896,App\Politician
24,896,App\Politician
1,897,App\Politician
31,897,App\Politician
4,897,App\Politician
1,898,App\Politician
15,898,App\Politician
4,898,App\Politician
1,899,App\Politician
3,899,App\Politician
24,899,App\Politician
1,900,App\Politician
47,900,App\Politician
24,900,App\Politician
6,901,App\Politician
12,901,App\Politician
4,901,App\Politician
6,902,App\Politician
23,902,App\Politician
4,902,App\Politician
1,903,App\Politician
19,903,App\Politician
4,903,App\Politician
6,904,App\Politician
39,904,App\Politician
24,904,App\Politician
1,905,App\Politician
39,905,App\Politician
24,905,App\Politician
1,906,App\Politician
9,906,App\Politician
24,906,App\Politician
1,907,App\Politician
9,907,App\Politician
24,907,App\Politician
6,908,App\Politician
3,908,App\Politician
24,908,App\Politician
6,909,App\Politician
34,909,App\Politician
24,909,App\Politician
6,910,App\Politician
25,910,App\Politician
4,910,App\Politician
1,911,App\Politician
39,911,App\Politician
24,911,App\Politician
1,912,App\Politician
38,912,App\Politician
24,912,App\Politician
1,913,App\Politician
39,913,App\Politician
24,913,App\Politician
6,914,App\Politician
10,914,App\Politician
24,914,App\Politician
6,915,App\Politician
50,915,App\Politician
24,915,App\Politician
1,916,App\Politician
10,916,App\Politician
24,916,App\Politician
6,917,App\Politician
13,917,App\Politician
24,917,App\Politician
6,918,App\Politician
60,918,App\Politician
4,918,App\Politician
6,919,App\Politician
25,919,App\Politician
24,919,App\Politician
1,920,App\Politician
39,920,App\Politician
24,920,App\Politician
1,921,App\Politician
44,921,App\Politician
4,921,App\Politician
1,922,App\Politician
19,922,App\Politician
24,922,App\Politician
6,923,App\Politician
15,923,App\Politician
24,923,App\Politician
6,924,App\Politician
44,924,App\Politician
24,924,App\Politician
1,925,App\Politician
3,925,App\Politician
24,925,App\Politician
1,926,App\Politician
44,926,App\Politician
24,926,App\Politician
1,927,App\Politician
39,927,App\Politician
24,927,App\Politician
6,928,App\Politician
18,928,App\Politician
24,928,App\Politician
6,929,App\Politician
40,929,App\Politician
24,929,App\Politician
1,930,App\Politician
10,930,App\Politician
24,930,App\Politician
6,931,App\Politician
35,931,App\Politician
24,931,App\Politician
1,932,App\Politician
52,932,App\Politician
24,932,App\Politician
1,933,App\Politician
8,933,App\Politician
24,933,App\Politician
1,934,App\Politician
12,934,App\Politician
24,934,App\Politician
1,935,App\Politician
26,935,App\Politician
4,935,App\Politician
6,936,App\Politician
25,936,App\Politician
24,936,App\Politician
1,937,App\Politician
25,937,App\Politician
4,937,App\Politician
6,938,App\Politician
10,938,App\Politician
24,938,App\Politician
6,939,App\Politician
10,939,App\Politician
24,939,App\Politician
1,940,App\Politician
10,940,App\Politician
24,940,App\Politician
6,941,App\Politician
20,941,App\Politician
24,941,App\Politician
6,942,App\Politician
40,942,App\Politician
24,942,App\Politician
6,943,App\Politician
50,943,App\Politician
24,943,App\Politician
6,944,App\Politician
33,944,App\Politician
24,944,App\Politician
6,945,App\Politician
47,945,App\Politician
24,945,App\Politician
6,946,App\Politician
9,946,App\Politician
24,946,App\Politician
6,947,App\Politician
12,947,App\Politician
24,947,App\Politician
6,948,App\Politician
9,948,App\Politician
24,948,App\Politician
1,949,App\Politician
55,949,App\Politician
4,949,App\Politician
6,950,App\Politician
38,950,App\Politician
24,950,App\Politician
6,951,App\Politician
39,951,App\Politician
24,951,App\Politician
6,952,App\Politician
20,952,App\Politician
24,952,App\Politician
1,953,App\Politician
17,953,App\Politician
24,953,App\Politician
6,954,App\Politician
10,954,App\Politician
24,954,App\Politician
6,955,App\Politician
54,955,App\Politician
24,955,App\Politician
1,956,App\Politician
13,956,App\Politician
24,956,App\Politician
6,957,App\Politician
46,957,App\Politician
24,957,App\Politician
6,958,App\Politician
47,958,App\Politician
4,958,App\Politician
6,959,App\Politician
10,959,App\Politician
24,959,App\Politician
6,960,App\Politician
45,960,App\Politician
24,960,App\Politician
6,961,App\Politician
3,961,App\Politician
24,961,App\Politician
6,962,App\Politician
41,962,App\Politician
24,962,App\Politician
